,domain
0,www.google.com
1,www.facebook.com
2,www.microsoft.com
3,www.apple.com
4,www.instagram.com
5,www.amazon.com
6,www.bing.com
7,www.tiktokv.com
8,www.pinterest.com
9,www.vimeo.com
10,www.adobe.com
11,www.reddit.com
12,www.criteo.com
13,www.tiktok.com
14,www.nytimes.com
15,www.flickr.com
16,www.samsung.com
17,www.paypal.com
18,www.soundcloud.com
19,www.theguardian.com
20,www.archive.org
21,www.bbc.co.uk
22,www.forbes.com
23,www.shipt.com
24,www.bbc.com
25,www.discord.com
26,www.hp.com
27,www.twitch.tv
28,www.wixsite.com
29,www.issuu.com
30,www.amazon.co.uk
31,www.dell.com
32,www.reuters.com
33,www.deviantart.com
34,www.google.de
35,www.google.com.br
36,www.bloomberg.com
37,www.etsy.com
38,www.quora.com
39,www.foxnews.com
40,www.line.me
41,www.tripadvisor.com
42,www.discord.gg
43,www.alibaba.com
44,www.mi.com
45,www.time.com
46,www.godaddy.com
47,www.imgur.com
48,www.amazon.de
49,www.xhamster.com
50,www.behance.net
51,www.ups.com
52,www.google.ca
53,www.163.com
54,www.google.fr
55,www.aliexpress.com
56,www.google.co.jp
57,www.marriott.com
58,www.roche.com
59,www.google.es
60,www.huawei.com
61,www.onetrust.com
62,www.google.it
63,www.braze.com
64,www.ok.ru
65,www.nike.com
66,www.patreon.com
67,www.tradingview.com
68,www.google.co.in
69,www.wattpad.com
70,www.wbx2.com
71,www.playstation.com
72,www.google.nl
73,www.nbcnews.com
74,www.uol.com.br
75,www.google.com.hk
76,www.elpais.com
77,www.calendly.com
78,www.w3schools.com
79,www.amazon.fr
80,www.huffpost.com
81,www.google.com.mx
82,www.bandcamp.com
83,www.amazon.in
84,www.chaturbate.com
85,www.amazon.ca
86,www.lemonde.fr
87,www.coinmarketcap.com
88,www.networkadvertising.org
89,www.redhat.com
90,www.news.com.au
91,www.pinterest.ca
92,www.google.co.th
93,www.redislabs.com
94,www.theconversation.com
95,www.change.org
96,www.google.ru
97,www.spankbang.com
98,www.welt.de
99,www.google.com.tw
100,www.bild.de
101,www.cbc.ca
102,www.genius.com
103,www.economist.com
104,www.amazon.es
105,www.amazon.it
106,www.erome.com
107,www.amazon.com.br
108,www.newyorker.com
109,www.dhl.com
110,www.mercadolivre.com.br
111,www.amazon.com.au
112,www.pixiv.net
113,www.abc.net.au
114,www.surfshark.com
115,www.gofundme.com
116,www.n-tv.de
117,www.newsweek.com
118,www.ameba.jp
119,www.amazon.com.mx
120,www.mercadolibre.com.ar
121,www.vivo.com
122,www.omegle.com
123,www.archiveofourown.org
124,www.tapjoy.com
125,www.udn.com
126,www.character.ai
127,www.vox.com
128,www.google.com.au
129,www.agora.io
130,www.nhentai.net
131,www.faphouse.com
132,www.cookpad.com
133,www.fetlife.com
134,www.digg.com
135,www.missav.com
136,www.expressen.se
137,www.coupang.com
138,www.kemono.party
139,www.amazon.com.tr
140,www.wnacg.com
141,www.dlsite.com
142,www.gamer.com.tw
143,www.rule34video.com
144,www.txxx.com
145,www.yts.mx
146,www.aznude.com
147,www.abplive.com
148,www.amazon.eg
149,www.sxyprn.com
150,www.ok.xxx
151,www.xvideos2.com
152,www.exhentai.org
153,www.xnxx.tv
154,www.oricon.co.jp
155,www.apkcombo.com
156,www.ptt.cc
157,www.myreadingmanga.info
158,www.luxuretv.com
159,www.huobi.com
160,www.mangago.me
161,www.serviporno.com
162,www.tukif.com
163,www.spankbang.party
164,www.xvideos3.com
165,www.xnxx2.com
166,www.supjav.com
167,www.hanime1.me
168,www.xnxx3.com
169,www.sexalarab.com
170,www.69shu.com
171,www.utorrent.com
172,www.theqoo.net
173,www.qorno.com
174,www.tondae.net
175,www.xvideos5.com
176,www.82xnxx.com
177,www.escortbabylon.net
178,www.hindixxxhd.com
179,www.xklxsw.com
180,www.substack.com
181,www.google.co.id
182,www.aljazeera.com
183,www.getbootstrap.com
184,www.anchor.fm
185,www.app.link
186,www.google.com.vn
187,www.vivo.com.cn
188,www.google.com.ua
189,www.stripchat.com
190,www.qz.com
191,www.stackpathcdn.com
192,www.iheart.com
193,www.hyatt.com
194,www.akamai.com
195,www.kakao.com
196,www.flipboard.com
197,www.sonos.com
198,www.mercadolibre.com
199,www.moengage.com
200,www.google.co.kr
201,www.google.be
202,www.signal.org
203,www.mixcloud.com
204,www.scmp.com
205,www.theglobeandmail.com
206,www.euronews.com
207,www.ndtv.com
208,www.google.at
209,www.workers.dev
210,www.ask.com
211,www.google.se
212,www.livestream.com
213,www.google.com.sg
214,www.pndsn.com
215,www.piano.io
216,www.google.com.ar
217,www.amd.com
218,www.google.pt
219,www.google.dk
220,www.google.gr
221,www.podbean.com
222,www.google.ro
223,www.google.ie
224,www.tinypass.com
225,www.delta.com
226,www.about.me
227,www.google.com.co
228,www.evergage.com
229,www.coingecko.com
230,www.voanews.com
231,www.boston.com
232,www.foxbusiness.com
233,www.faz.net
234,www.google.sk
235,www.tenor.com
236,www.google.com.pe
237,www.cctv.com
238,www.clever.com
239,www.lg.com
240,www.rutube.ru
241,www.thehindu.com
242,www.zuimeitianqi.com
243,www.newegg.com
244,www.mcusercontent.com
245,www.foxsports.com
246,www.paypalobjects.com
247,www.toutiao.com
248,www.artstation.com
249,www.backblaze.com
250,www.google.com.ph
251,www.rumble.com
252,www.focus.de
253,www.google.co.il
254,www.paypal.me
255,www.google.co.nz
256,www.google.fi
257,www.google.co.za
258,www.500px.com
259,www.grindr.com
260,www.google.com.my
261,www.thestar.com
262,www.tripadvisor.co.uk
263,www.meetme.com
264,www.icloud.com.cn
265,www.connectad.io
266,www.teslamotors.com
267,www.livemint.com
268,www.google.bg
269,www.bittorrent.com
270,www.google.no
271,www.google.com.pk
272,www.google.hr
273,www.google.lt
274,www.google.co.ve
275,www.opensea.io
276,www.gumroad.com
277,www.9gag.com
278,www.namebright.com
279,www.hcaptcha.com
280,www.avg.com
281,www.cia.gov
282,www.nyt.com
283,www.nos.nl
284,www.oath.com
285,www.google.kz
286,www.liberation.fr
287,www.businessweek.com
288,www.sinaimg.cn
289,www.miamiherald.com
290,www.bytedance.com
291,www.coindesk.com
292,www.google.lv
293,www.google.com.bd
294,www.buzzsprout.com
295,www.japantimes.co.jp
296,www.google.co.cr
297,www.google.com.ec
298,www.stitcher.com
299,www.bybit.com
300,www.yomiuri.co.jp
301,www.google.com.do
302,www.symphony.com
303,www.mysterium.network
304,www.startribune.com
305,www.theepochtimes.com
306,www.google.com.uy
307,www.google.com.gt
308,www.google.com.np
309,www.google.lk
310,www.google.az
311,www.google.co.ma
312,www.huggingface.co
313,www.google.jo
314,www.google.com.sv
315,www.google.com.bo
316,www.worldcat.org
317,www.dropboxstatic.com
318,www.poe.com
319,www.google.com.py
320,www.pinterest.es
321,www.ti.com
322,www.pinterest.fr
323,www.google.lu
324,www.business-standard.com
325,www.nifty.com
326,www.google.as
327,www.google.ci
328,www.nrk.no
329,www.google.am
330,www.google.is
331,www.google.com.kw
332,www.braze.eu
333,www.google.com.jm
334,www.google.bs
335,www.wsj.net
336,www.google.com.mt
337,www.aig.com
338,www.google.mn
339,www.rediff.com
340,www.google.kg
341,www.google.com.ly
342,www.google.com.cu
343,www.google.com.ni
344,www.politico.eu
345,www.google.com.qa
346,www.google.com.gh
347,www.lunalabs.io
348,www.google.com.bh
349,www.google.bi
350,www.google.com.ag
351,www.google.gg
352,www.google.co.bw
353,www.google.co.ug
354,www.google.cd
355,www.google.sc
356,www.google.com.mm
357,www.google.com.et
358,www.google.mu
359,www.csmonitor.com
360,www.google.com.gi
361,www.blendlabs.com
362,www.google.com.bz
363,www.google.cg
364,www.refined.site
365,www.google.sn
366,www.google.com.bn
367,www.google.dm
368,www.google.co.zm
369,www.google.com.cy
370,www.google.tt
371,www.google.fm
372,www.google.rw
373,www.lufthansa.com
374,www.google.com.na
375,www.google.gl
376,www.google.com.ai
377,www.google.ht
378,www.google.sh
379,www.google.vg
380,www.20minutes.fr
381,www.google.dj
382,www.google.ms
383,www.google.com.fj
384,www.postman.com
385,www.google.vu
386,www.google.tm
387,www.google.mw
388,www.google.gm
389,www.google.com.vc
390,www.google.co.vi
391,www.google.nu
392,www.google.nr
393,www.google.com.sl
394,www.google.to
395,www.revjet.com
396,www.elconfidencial.com
397,www.theage.com.au
398,www.google.com.pg
399,www.google.com.tj
400,www.hihonor.com
401,www.feednews.com
402,www.crowdstrike.com
403,www.google.com.nf
404,www.made-in-china.com
405,www.lightboxcdn.com
406,www.teachable.com
407,www.nespresso.com
408,www.acast.com
409,www.coursehero.com
410,www.mercari.com
411,www.ximalaya.com
412,www.000webhost.com
413,www.volvocars.com
414,www.nate.com
415,www.channelnewsasia.com
416,www.sandiegouniontribune.com
417,www.streamable.com
418,www.urban-vpn.com
419,www.xlivesex.com
420,www.documentcloud.org
421,www.formstack.com
422,www.ardmediathek.de
423,www.amazon.ae
424,www.survicate.com
425,www.ana.co.jp
426,www.amazon.nl
427,www.superawesome.tv
428,www.threads.net
429,www.tripadvisor.in
430,www.getpostman.com
431,www.washingtonexaminer.com
432,www.rfi.fr
433,www.thrillist.com
434,www.frontapp.com
435,www.arte.tv
436,www.pressreader.com
437,www.deviantart.net
438,www.vecteezy.com
439,www.nationalreview.com
440,www.cafepress.com
441,www.glamour.com
442,www.abebooks.com
443,www.huaweicloud.com
444,www.myheritage.com
445,www.outsideonline.com
446,www.lulu.com
447,www.freewebs.com
448,www.tripadvisor.fr
449,www.google.net
450,www.larazon.es
451,www.statnews.com
452,www.cntv.cn
453,www.tripadvisor.es
454,www.newatlas.com
455,www.crypto.com
456,www.superchatlive.com
457,www.castbox.fm
458,www.amazon.sa
459,www.sas.com
460,www.haberturk.com
461,www.suara.com
462,www.encyclopedia.com
463,www.tripadvisor.it
464,www.ltn.com.tw
465,www.socialblade.com
466,www.theporndude.com
467,www.afr.com
468,www.vpnjantit.com
469,www.amazon.se
470,www.hsbc.com
471,www.f2pool.com
472,www.dji.com
473,www.apkmirror.com
474,www.pinterest.ph
475,www.amazon.pl
476,www.oneindia.com
477,www.softlayer.com
478,www.se.com
479,www.tesla.cn
480,www.newrepublic.com
481,www.rawstory.com
482,www.cfr.org
483,www.gab.com
484,www.altavista.com
485,www.9apps.com
486,www.f95zone.to
487,www.fourseasons.com
488,www.detroitnews.com
489,www.theweek.com
490,www.bolavip.com
491,www.hk01.com
492,www.odysee.com
493,www.elementor.com
494,www.rhino-news.com
495,www.vxxx.com
496,www.onedio.com
497,www.ring.net
498,www.yodobashi.com
499,www.tf1info.fr
500,www.smrtb.com
501,www.hentaifox.com
502,www.goodporn.to
503,www.wikiwand.com
504,www.mypurecloud.com
505,www.c-span.org
506,www.dev.to
507,www.foxweather.com
508,www.archive.is
509,www.hanime.tv
510,www.momoshop.com.tw
511,www.bambuser.com
512,www.letelegramme.fr
513,www.tripadvisor.ru
514,www.thewrap.com
515,www.firstpost.com
516,www.cc.com
517,www.icbc.com.cn
518,www.tripadvisor.com.br
519,www.owasp.org
520,www.tn.com.ar
521,www.rule34.us
522,www.upday.com
523,www.heavy-r.com
524,www.dcard.tw
525,www.mindbodygreen.com
526,www.thesimsresource.com
527,www.redwap.me
528,www.gate.io
529,www.pornhat.com
530,www.rtbf.be
531,www.hotmovs.com
532,www.hentaiera.com
533,www.huffingtonpost.jp
534,www.beeg.porn
535,www.xfantazy.com
536,www.jav.guru
537,www.jizzbunker.com
538,www.exodus.io
539,www.deccanherald.com
540,www.9news.com.au
541,www.avgle.com
542,www.inquirer.net
543,www.thermofisher.com
544,www.sciencenews.org
545,www.tktube.com
546,www.ciceksepeti.com
547,www.mobile01.com
548,www.toomics.com
549,www.8muses.com
550,www.gay0day.com
551,www.pinterest.ch
552,www.pornocarioca.com
553,www.kansascity.com
554,www.bitcoin.com
555,www.volkskrant.nl
556,www.mcdonalds.co.jp
557,www.7mmtv.sx
558,www.borsaitaliana.it
559,www.pinterest.com.au
560,www.bangkokpost.com
561,www.multporn.net
562,www.celebjihad.com
563,www.newstatesman.com
564,www.exporntoons.net
565,www.ytmp3.cc
566,www.javgg.net
567,www.heritage.org
568,www.jjgirls.com
569,www.crazyshit.com
570,www.adultsearch.com
571,www.dafabet.com
572,www.ngl.link
573,www.notepad-plus-plus.org
574,www.milffox.com
575,www.hlebo.mobi
576,www.javlibrary.com
577,www.urbanoutfitters.com
578,www.posterous.com
579,www.mewe.com
580,www.myhentaicomics.com
581,www.boy18tube.com
582,www.sendspace.com
583,www.makeup.com.ua
584,www.boundhub.com
585,www.traversedlp.com
586,www.avaaz.org
587,www.mawdoo3.com
588,www.mianhuatang.tw
589,www.coolsexnew.com
590,www.xxxtube2022.com
591,www.its.porn
592,www.rb.gy
593,www.nhentai.to
594,www.gizmoxxx.com
595,www.myhentaigallery.com
596,www.52shuku.vip
597,www.band.us
598,www.pornogramxxx.com
599,www.oanda.com
600,www.machotube.tv
601,www.mexc.com
602,www.befuck.net
603,www.chochox.com
604,www.javdb.com
605,www.redwap3.com
606,www.thisav.com
607,www.webteb.com
608,www.x2download.app
609,www.xxxxvideo.uno
610,www.ok.porn
611,www.halktv.com.tr
612,www.mrvideospornogratis.xxx
613,www.boylove.cc
614,www.pornlulu.com
615,www.css-tricks.com
616,www.thepiratebay.org
617,www.arabxn.com
618,www.manwa.me
619,www.itsaol.com
620,www.observatornews.ro
621,www.cancerresearchuk.org
622,www.taleo.net
623,www.kabinedasnovinhas.com
624,www.htcsense.com
625,www.xvideos.blog
626,www.sltrib.com
627,www.driftt.com
628,www.theblaze.com
629,www.itemfix.com
630,www.xnxx.xxx
631,www.walletconnect.com
632,www.3ds.com
633,www.antigena.com
634,www.feishu.cn
635,www.spectator.co.uk
636,www.yexingame.com
637,www.uptodown.com
638,www.5278.cc
639,www.jkforum.net
640,www.massagerepublic.com
641,www.teatroporno.com
642,www.xpaja.net
643,www.timesnowhindi.com
644,www.kantotin.com
645,www.hello.porn
646,www.meetcircle.co
647,www.superuser.com
648,www.video-to-mp3-converter.com
649,www.pornohammer.com
650,www.ddd-smart.net
651,www.bromium-online.com
652,www.pigav.com
653,www.missav123.com
654,www.hotxv.com
655,www.masutabe.info
656,www.genyt.net
657,www.upornia.tube
658,www.thediplomat.com
659,www.amaporn.com
660,www.singaporeair.com
